,0
0,Maruti Wagon
1,Hyundai Creta
2,Honda Jazz
3,Maruti Ertiga
4,Audi A4
5,Nissan Micra
6,Toyota Innova
7,Volkswagen Vento
8,Tata Indica
9,Maruti Ciaz
10,Honda City
11,Maruti Swift
12,Land Rover
13,Mitsubishi Pajero
14,Honda Amaze
15,Renault Duster
16,Mercedes-Benz New
17,BMW 3
18,Audi A6
19,Hyundai i20
20,Maruti Alto
21,Toyota Corolla
22,Mahindra Ssangyong
23,Maruti Vitara
24,Mahindra KUV
25,Mercedes-Benz M-Class
26,Volkswagen Polo
27,Tata Nano
28,Hyundai Elantra
29,Hyundai Xcent
30,Hyundai Grand
31,Renault KWID
32,Hyundai i10
33,Maruti Zen
34,Ford Figo
35,Mahindra XUV500
36,Nissan Terrano
37,Honda Brio
38,Ford Fiesta
39,Hyundai Santro
40,Tata Zest
41,Maruti Ritz
42,BMW 5
43,Toyota Fortuner
44,Ford Ecosport
45,Hyundai Verna
46,Maruti Omni
47,Toyota Etios
48,Jaguar XF
49,Maruti Eeco
50,Honda Civic
51,Mercedes-Benz B
52,Mahindra Scorpio
53,Honda CR-V
54,Chevrolet Beat
55,Skoda Rapid
56,Mercedes-Benz S
57,Skoda Superb
58,Hyundai EON
59,BMW X5
60,Chevrolet Optra
61,Mercedes-Benz E-Class
62,Maruti Baleno
63,Skoda Laura
64,Skoda Fabia
65,Tata Indigo
66,Audi Q3
67,Skoda Octavia
68,Mini Cooper
69,Hyundai Santa
70,BMW X1
71,Hyundai Accent
72,Mercedes-Benz GLE
73,Maruti A-Star
74,BMW X3
75,Ford EcoSport
76,Audi Q7
77,Volkswagen Jetta
78,Mercedes-Benz GLA
79,Maruti Celerio
80,Honda Accord
81,Tata Manza
82,Chevrolet Spark
83,Maruti 800
84,Mercedes-Benz GL-Class
85,Mahindra Bolero
86,Audi Q5
87,Ford Endeavour
88,Maruti SX4
89,Toyota Camry
90,Honda Mobilio
91,Fiat Linea
92,Jeep Compass
93,Ford Ikon
94,Chevrolet Aveo
95,Mahindra Xylo
96,Nissan Sunny
97,Maruti Dzire
98,Chevrolet Cruze
99,Volkswagen Ameo
100,Mercedes-Benz CLA
101,Tata Tiago
102,BMW 7
103,Hyundai Getz
104,Hyundai Elite
